day,type,month,duration_min,intensity_pct,block_count,block1,block2,block3,block4
1,time_trial,1,10,0,1,"1x600s @max_effort","","",""
2,anaerobic,1,24,0,1,"6x30s/150s @max_effort w:r=0.2","","",""
3,endurance,1,25,70,1,"1x1260s @0.7-0.7","","",""
4,max_aerobic_power,1,24,95,1,"4x240s/240s @0.85-1.05 w:r=1","","",""
5,interval,1,28,95,1,"6x120s/60s @0.8-1.1 w:r=2","","",""
6,anaerobic,1,24,0,1,"8x20s/100s @max_effort w:r=0.2","","",""
7,endurance,1,25,70,1,"1x1440s @0.7-0.7","","",""
8,max_aerobic_power,1,24,95,1,"8x90s/90s @0.85-1.05 w:r=1","","",""
9,interval,1,28,95,1,"4x180s/120s @0.8-1.1 w:r=1.5","","",""
10,threshold,1,15,90,1,"1x720s @0.85-0.95","","",""
11,endurance,1,25,70,1,"1x1620s @0.7-0.7","","",""
12,max_aerobic_power,1,24,95,1,"5x180s/180s @0.85-1.05 w:r=1","","",""
13,interval,1,28,95,1,"6x60s/120s @0.8-1.1 w:r=0.5","","",""
14,threshold,1,15,90,1,"1x900s @0.85-0.95","","",""
15,anaerobic,1,24,0,1,"6x30s/150s @max_effort w:r=0.2","","",""
16,max_aerobic_power,1,24,95,1,"18x30s/30s @0.85-1.05 w:r=1","","",""
17,interval,1,28,95,1,"5x180s/60s @0.8-1.1 w:r=3","","",""
18,threshold,1,15,90,1,"1x1080s @0.85-0.95","","",""
19,anaerobic,1,24,0,1,"4x45s/225s @max_effort w:r=0.2","","",""
20,endurance,1,25,70,1,"1x1800s @0.7-0.7","","",""
21,time_trial,2,10,0,1,"1x600s @max_effort","","",""
22,anaerobic,2,24,0,1,"8x30s/150s @max_effort w:r=0.2","","",""
23,endurance,2,25,70,1,"1x1440s @0.7-0.7","","",""
24,max_aerobic_power,2,24,95,1,"4x240s/240s @0.85-1.05 w:r=1","","",""
25,interval,2,28,95,1,"8x120s/60s @0.8-1.1 w:r=2","","",""
26,anaerobic,2,24,0,1,"10x20s/100s @max_effort w:r=0.2","","",""
27,endurance,2,25,70,1,"1x1620s @0.7-0.7","","",""
28,max_aerobic_power,2,24,95,1,"10x90s/90s @0.85-1.05 w:r=1","","",""
29,interval,2,28,95,1,"5x180s/120s @0.8-1.1 w:r=1.5","","",""
30,threshold,2,15,90,1,"1x720s @0.85-0.95","","",""
31,endurance,2,25,70,1,"1x1800s @0.7-0.7","","",""
32,max_aerobic_power,2,24,95,1,"3x300s/300s @0.85-1.05 w:r=1","","",""
33,interval,2,28,95,1,"8x60s/120s @0.8-1.1 w:r=0.5","","",""
34,threshold,2,15,90,1,"1x900s @0.85-0.95","","",""
35,anaerobic,2,24,0,1,"8x30s/150s @max_effort w:r=0.2","","",""
36,max_aerobic_power,2,24,95,1,"21x30s/30s @0.85-1.05 w:r=1","","",""
37,interval,2,28,95,1,"6x180s/60s @0.8-1.1 w:r=3","","",""
38,threshold,2,15,90,1,"1x1080s @0.85-0.95","","",""
39,anaerobic,2,24,0,1,"6x45s/225s @max_effort w:r=0.2","","",""
40,endurance,2,25,70,1,"1x1980s @0.7-0.7","","",""
41,time_trial,3,10,0,1,"1x600s @max_effort","","",""
42,anaerobic,3,24,0,1,"8x30s/150s @max_effort w:r=0.2","","",""
43,endurance,3,25,70,1,"1x1620s @0.7-0.7","","",""
44,max_aerobic_power,3,24,95,1,"4x240s/240s @0.85-1.05 w:r=1","","",""
45,interval,3,28,95,1,"10x120s/60s @0.8-1.1 w:r=2","","",""
46,anaerobic,3,24,0,1,"10x20s/100s @max_effort w:r=0.2","","",""
47,endurance,3,25,70,1,"1x1800s @0.7-0.7","","",""
48,max_aerobic_power,3,24,95,1,"12x90s/90s @0.85-1.05 w:r=1","","",""
49,interval,3,28,95,1,"6x180s/120s @0.8-1.1 w:r=1.5","","",""
50,threshold,3,15,90,1,"1x720s @0.85-0.95","","",""
51,endurance,3,25,70,1,"1x1980s @0.7-0.7","","",""
52,max_aerobic_power,3,24,95,1,"3x360s/360s @0.85-1.05 w:r=1","","",""
53,interval,3,28,95,1,"10x60s/120s @0.8-1.1 w:r=0.5","","",""
54,threshold,3,15,90,1,"1x900s @0.85-0.95","","",""
55,anaerobic,3,24,0,1,"8x30s/150s @max_effort w:r=0.2","","",""
56,max_aerobic_power,3,24,95,1,"24x30s/30s @0.85-1.05 w:r=1","","",""
57,interval,3,28,95,1,"8x180s/60s @0.8-1.1 w:r=3","","",""
58,threshold,3,15,90,1,"1x1080s @0.85-0.95","","",""
59,anaerobic,3,24,0,1,"6x45s/225s @max_effort w:r=0.2","","",""
60,endurance,3,25,70,1,"1x2160s @0.7-0.7","","",""
61,time_trial,4,10,0,1,"1x600s @max_effort","","",""
62,polarized,4,35,70,1,"1x1440s [continuous_with_bursts] [burst:every_5_minutes/7s]","","",""
63,anaerobic,4,24,0,1,"6x30s/150s @max_effort w:r=0.2","","",""
64,interval,4,28,95,1,"6x120s/60s @0.8-1.1 w:r=2","","",""
65,polarized,4,35,70,1,"1x2160s [continuous_with_bursts] [burst:every_7_minutes/7s]","","",""
66,anaerobic,4,24,0,1,"8x20s/100s @max_effort w:r=0.2","","",""
67,polarized,4,35,70,1,"1x1800s [continuous_with_bursts] [burst:every_5_minutes/7s]","","",""
68,endurance,4,30,70,1,"1x1800s @0.7-0.7","","",""
69,interval,4,28,95,1,"4x180s/120s @0.8-1.1 w:r=1.5","","",""
70,polarized,4,35,70,1,"1x1980s [continuous_with_bursts] [burst:every_7_minutes/7s]","","",""
71,polarized,4,35,70,1,"1x1620s [continuous_with_bursts] [burst:every_5_minutes/7s]","","",""
72,anaerobic,4,24,0,1,"6x30s/150s @max_effort w:r=0.2","","",""
73,endurance,4,30,70,1,"1x1980s @0.7-0.7","","",""
74,polarized,4,35,70,1,"1x2340s [continuous_with_bursts] [burst:every_7_minutes/7s]","","",""
75,interval,4,28,95,1,"6x60s/120s @0.8-1.1 w:r=0.5","","",""
76,anaerobic,4,24,0,1,"4x45s/225s @max_effort w:r=0.2","","",""
77,polarized,4,35,70,1,"1x1800s [continuous_with_bursts] [burst:every_5_minutes/7s]","","",""
78,endurance,4,30,70,1,"1x2160s @0.7-0.7","","",""
79,interval,4,28,95,1,"5x180s/60s @0.8-1.1 w:r=3","","",""
80,polarized,4,35,70,1,"1x1980s [continuous_with_bursts] [burst:every_7_minutes/7s]","","",""
81,time_trial,5,10,0,1,"1x600s @max_effort","","",""
82,polarized,5,42,70,1,"1x1800s [continuous_with_bursts] [burst:every_7_minutes/7s]","","",""
83,anaerobic,5,30,0,1,"8x30s/150s @max_effort w:r=0.2","","",""
84,interval,5,32,95,1,"8x120s/60s @0.8-1.1 w:r=2","","",""
85,polarized,5,42,70,1,"1x2520s [continuous_with_bursts] [burst:every_7_minutes/7s]","","",""
86,anaerobic,5,30,0,1,"10x20s/100s @max_effort w:r=0.2","","",""
87,polarized,5,42,70,1,"1x2160s [continuous_with_bursts] [burst:every_5_minutes/7s]","","",""
88,endurance,5,35,70,1,"1x1980s @0.7-0.7","","",""
89,interval,5,32,95,1,"5x180s/120s @0.8-1.1 w:r=1.5","","",""
90,polarized,5,42,70,1,"1x1980s [continuous_with_bursts] [burst:every_5_minutes/7s]","","",""
91,polarized,5,42,70,1,"1x1620s [continuous_with_bursts] [burst:every_5_minutes/7s]","","",""
92,anaerobic,5,30,0,1,"8x30s/150s @max_effort w:r=0.2","","",""
93,endurance,5,35,70,1,"1x2160s @0.7-0.7","","",""
94,polarized,5,42,70,1,"1x2340s [continuous_with_bursts] [burst:every_7_minutes/7s]","","",""
95,interval,5,32,95,1,"8x60s/120s @0.8-1.1 w:r=0.5","","",""
96,anaerobic,5,30,0,1,"6x45s/225s @max_effort w:r=0.2","","",""
97,polarized,5,42,70,1,"1x1980s [continuous_with_bursts] [burst:every_5_minutes/7s]","","",""
98,endurance,5,35,70,1,"1x2340s @0.7-0.7","","",""
99,interval,5,32,95,1,"6x180s/60s @0.8-1.1 w:r=3","","",""
100,polarized,5,42,70,1,"1x2160s [continuous_with_bursts] [burst:every_7_minutes/7s]","","",""
101,time_trial,6,10,0,1,"1x600s @max_effort","","",""
102,polarized,6,49,70,1,"1x1980s [continuous_with_bursts] [burst:every_7_minutes/7s]","","",""
103,anaerobic,6,36,0,1,"8x30s/150s @max_effort w:r=0.2","","",""
104,interval,6,36,95,1,"10x120s/60s @0.8-1.1 w:r=2","","",""
105,polarized,6,49,70,1,"1x2700s [continuous_with_bursts] [burst:every_7_minutes/7s]","","",""
106,anaerobic,6,36,0,1,"10x20s/100s @max_effort w:r=0.2","","",""
107,polarized,6,49,70,1,"1x2340s [continuous_with_bursts] [burst:every_5_minutes/7s]","","",""
108,endurance,6,40,70,1,"1x2160s @0.7-0.7","","",""
109,interval,6,36,95,1,"6x180s/120s @0.8-1.1 w:r=1.5","","",""
110,polarized,6,49,70,1,"1x2520s [continuous_with_bursts] [burst:every_7_minutes/7s]","","",""
111,polarized,6,49,70,1,"1x1620s [continuous_with_bursts] [burst:every_5_minutes/7s]","","",""
112,anaerobic,6,36,0,1,"8x30s/150s @max_effort w:r=0.2","","",""
113,endurance,6,40,70,1,"1x2340s @0.7-0.7","","",""
114,polarized,6,49,70,1,"1x2340s [continuous_with_bursts] [burst:every_7_minutes/7s]","","",""
115,interval,6,36,95,1,"10x120s/120s @0.8-1.1 w:r=1","","",""
116,anaerobic,6,36,0,1,"6x45s/225s @max_effort w:r=0.2","","",""
117,polarized,6,49,70,1,"1x1980s [continuous_with_bursts] [burst:every_5_minutes/7s]","","",""
118,endurance,6,40,70,1,"1x2400s @0.7-0.7","","",""
119,interval,6,36,95,1,"8x180s/60s @0.8-1.1 w:r=3","","",""
120,polarized,6,49,70,1,"1x2160s [continuous_with_bursts] [burst:every_7_minutes/7s]","","",""
121,time_trial,7,10,0,1,"1x600s @max_effort","","",""
122,rocket_races_a,,,,1,"6x60s/120s @0.95-1.1 w:r=0.5","","",""
123,polarized,7,42,70,1,"1x1440s [continuous_with_bursts] [burst:every_5_minutes/7s]","","",""
124,interval,7,32,95,1,"6x120s/60s @0.8-1.1 w:r=2","","",""
125,rocket_races_b,,,,1,"6x60s/60s @0.95-1.1 w:r=1","","",""
126,polarized,7,42,70,1,"1x2160s [continuous_with_bursts] [burst:every_7_minutes/7s]","","",""
127,rocket_races_a,,,,1,"8x30s/90s @0.95-1.1 w:r=0.33","","",""
128,threshold,7,12,90,1,"1x720s @0.85-0.95","","",""
129,interval,7,32,95,1,"4x180s/120s @0.8-1.1 w:r=1.5","","",""
130,rocket_races_b,,,,1,"8x30s/30s @0.95-1.1 w:r=1","","",""
131,rocket_races_a,,,,1,"4x90s/180s @0.95-1.1 w:r=0.5","","",""
132,polarized,7,42,70,1,"1x1800s [continuous_with_bursts] [burst:every_7_minutes/7s]","","",""
133,threshold,7,12,90,1,"1x900s @0.85-0.95","","",""
134,rocket_races_b,,,,1,"4x90s/90s @0.95-1.1 w:r=1","","",""
135,interval,7,32,95,1,"6x60s/120s @0.8-1.1 w:r=0.5","","",""
136,polarized,7,42,70,1,"1x1980s [continuous_with_bursts] [burst:every_5_minutes/7s]","","",""
137,rocket_races_a,,,,1,"4x60s/180s @0.95-1.1 w:r=0.33","","",""
138,threshold,7,12,90,1,"1x1080s @0.85-0.95","","",""
139,interval,7,32,95,1,"5x180s/60s @0.8-1.1 w:r=3","","",""
140,rocket_races_b,,,,1,"4x60s/60s @0.95-1.1 w:r=1","","",""
141,time_trial,8,10,0,1,"1x600s @max_effort","","",""
142,rocket_races_a,,,,1,"8x60s/120s @0.95-1.1 w:r=0.5","","",""
143,polarized,8,49,70,1,"1x1620s [continuous_with_bursts] [burst:every_5_minutes/7s]","","",""
144,interval,8,36,95,1,"8x120s/60s @0.8-1.1 w:r=2","","",""
145,rocket_races_b,,,,1,"8x60s/60s @0.95-1.1 w:r=1","","",""
146,polarized,8,49,70,1,"1x2340s [continuous_with_bursts] [burst:every_7_minutes/7s]","","",""
147,rocket_races_a,,,,1,"10x30s/90s @0.95-1.1 w:r=0.33","","",""
148,threshold,8,15,90,1,"1x720s @0.85-0.95","","",""
149,interval,8,36,95,1,"5x180s/120s @0.8-1.1 w:r=1.5","","",""
150,rocket_races_b,,,,1,"10x30s/30s @0.95-1.1 w:r=1","","",""
151,rocket_races_a,,,,1,"5x90s/180s @0.95-1.1 w:r=0.5","","",""
152,polarized,8,49,70,1,"1x1980s [continuous_with_bursts] [burst:every_5_minutes/7s]","","",""
153,threshold,8,15,90,1,"1x900s @0.85-0.95","","",""
154,rocket_races_b,,,,1,"5x90s/90s @0.95-1.1 w:r=1","","",""
155,interval,8,36,95,1,"8x60s/120s @0.8-1.1 w:r=0.5","","",""
156,polarized,8,49,70,1,"1x2160s [continuous_with_bursts] [burst:every_7_minutes/7s]","","",""
157,rocket_races_a,,,,1,"6x60s/180s @0.95-1.1 w:r=0.33","","",""
158,threshold,8,15,90,1,"1x1080s @0.85-0.95","","",""
159,interval,8,36,95,1,"6x180s/60s @0.8-1.1 w:r=3","","",""
160,rocket_races_b,,,,1,"6x60s/60s @0.95-1.1 w:r=1","","",""
161,time_trial,9,10,0,1,"1x600s @max_effort","","",""
162,rocket_races_a,,,,1,"10x60s/120s @0.95-1.1 w:r=0.5","","",""
163,polarized,9,56,70,1,"1x1800s [continuous_with_bursts] [burst:every_7_minutes/7s]","","",""
164,interval,9,36,95,1,"10x120s/60s @0.8-1.1 w:r=2","","",""
165,rocket_races_b,,,,1,"10x60s/60s @0.95-1.1 w:r=1","","",""
166,polarized,9,56,70,1,"1x2520s [continuous_with_bursts] [burst:every_7_minutes/7s]","","",""
167,rocket_races_a,,,,1,"12x30s/90s @0.95-1.1 w:r=0.33","","",""
168,threshold,9,18,90,1,"1x720s @0.85-0.95","","",""
169,interval,9,36,95,1,"6x180s/120s @0.8-1.1 w:r=1.5","","",""
170,rocket_races_b,,,,1,"12x30s/30s @0.95-1.1 w:r=1","","",""
171,rocket_races_a,,,,1,"6x90s/180s @0.95-1.1 w:r=0.5","","",""
172,polarized,9,56,70,1,"1x2160s [continuous_with_bursts] [burst:every_5_minutes/7s]","","",""
173,threshold,9,18,90,1,"1x900s @0.85-0.95","","",""
174,rocket_races_b,,,,1,"6x90s/90s @0.95-1.1 w:r=1","","",""
175,interval,9,36,95,1,"10x60s/120s @0.8-1.1 w:r=0.5","","",""
176,polarized,9,56,70,1,"1x2340s [continuous_with_bursts] [burst:every_7_minutes/7s]","","",""
177,rocket_races_a,,,,1,"8x60s/180s @0.95-1.1 w:r=0.33","","",""
178,threshold,9,18,90,1,"1x1080s @0.85-0.95","","",""
179,interval,9,36,95,1,"8x180s/60s @0.8-1.1 w:r=3","","",""
180,rocket_races_b,,,,1,"8x60s/60s @0.95-1.1 w:r=1","","",""
181,time_trial,10,10,0,1,"1x600s @max_effort","","",""
182,flux,10,28,70,1,"1x1440s [alternating_paces] [flux:60s@0.7]","","",""
183,anaerobic,10,28,0,1,"6x30s/150s @max_effort w:r=0.2","","",""
184,polarized,10,49,70,1,"1x2340s [continuous_with_bursts] [burst:every_7_minutes/7s]","","",""
185,flux,10,28,70,1,"1x1620s [alternating_paces] [flux:60s@0.75]","","",""
186,interval,10,36,95,1,"6x30s/90s @0.8-1.1 w:r=0.33","","",""
187,flux,10,28,70,1,"1x1800s [alternating_paces] [flux:60s@0.75]","","",""
188,endurance,10,35,70,1,"1x1980s @0.7-0.7","","",""
189,anaerobic,10,28,0,1,"8x20s/100s @max_effort w:r=0.2","","",""
190,flux,10,28,70,1,"1x1980s [alternating_paces] [flux:60s@0.75]","","",""
191,flux,10,30,70,1,"1x1800s [alternating_paces] [flux:60s@0.75]","","",""
192,anaerobic,10,28,0,1,"6x30s/150s @max_effort w:r=0.2","","",""
193,polarized,10,49,70,1,"1x2700s [continuous_with_bursts] [burst:every_7_minutes/7s]","","",""
194,flux,10,30,70,1,"1x1980s [alternating_paces] [flux:60s@0.75]","","",""
195,ascending,10,18,110,1,"10x60s/60s @0.8-1.25 [pace:increasing] w:r=1","","",""
196,interval,10,36,95,1,"4x120s/180s @0.8-1.1 w:r=0.67","","",""
197,flux,10,30,70,1,"1x2160s [alternating_paces] [flux:60s@0.75]","","",""
198,endurance,10,35,70,1,"1x2160s @0.7-0.7","","",""
199,anaerobic,10,28,0,1,"4x45s/225s @max_effort w:r=0.2","","",""
200,flux,10,30,70,1,"1x2340s [alternating_paces] [flux:60s@0.75]","","",""
201,time_trial,11,10,0,1,"1x600s @max_effort","","",""
202,flux,11,32,70,1,"1x2160s [alternating_paces] [flux:75s@0.75]","","",""
203,anaerobic,11,32,0,1,"8x30s/150s @max_effort w:r=0.2","","",""
204,polarized,11,56,70,1,"1x2160s [continuous_with_bursts] [burst:every_7_minutes/7s]","","",""
205,flux,11,32,70,1,"1x2340s [alternating_paces] [flux:75s@0.75]","","",""
206,interval,11,36,95,1,"8x30s/90s @0.8-1.1 w:r=0.33","","",""
207,flux,11,32,70,1,"1x2520s [alternating_paces] [flux:75s@0.75]","","",""
208,endurance,11,40,70,1,"1x2160s @0.7-0.7","","",""
209,anaerobic,11,32,0,1,"10x20s/100s @max_effort w:r=0.2","","",""
210,flux,11,32,70,1,"1x2700s [alternating_paces] [flux:75s@0.75]","","",""
211,flux,11,36,70,1,"1x1440s [alternating_paces] [flux:90s@0.75]","","",""
212,anaerobic,11,32,0,1,"8x30s/150s @max_effort w:r=0.2","","",""
213,polarized,11,56,70,1,"1x2880s [continuous_with_bursts] [burst:every_10_minutes/7s]","","",""
214,flux,11,36,70,1,"1x1620s [alternating_paces] [flux:90s@0.75]","","",""
215,ascending,11,21,110,1,"10x30s/30s @0.8-1.25 [pace:increasing] w:r=1","","",""
216,interval,11,36,95,1,"5x120s/180s @0.8-1.1 w:r=0.67","","",""
217,flux,11,36,70,1,"1x1800s [alternating_paces] [flux:90s@0.75]","","",""
218,endurance,11,40,70,1,"1x2340s @0.7-0.7","","",""
219,anaerobic,11,32,0,1,"6x45s/225s @max_effort w:r=0.2","","",""
220,flux,11,36,70,1,"1x1980s [alternating_paces] [flux:90s@0.75]","","",""
221,time_trial,12,10,0,1,"1x600s @max_effort","","",""
222,flux,12,40,70,1,"1x1800s [alternating_paces] [flux:120s@0.75]","","",""
223,anaerobic,12,36,0,1,"8x30s/150s @max_effort w:r=0.2","","",""
224,polarized,12,60,70,1,"1x1980s [continuous_with_bursts] [burst:every_7_minutes/7s]","","",""
225,flux,12,40,70,1,"1x1980s [alternating_paces] [flux:120s@0.75]","","",""
226,interval,12,36,95,1,"10x30s/90s @0.8-1.1 w:r=0.33","","",""
227,flux,12,40,70,1,"1x2160s [alternating_paces] [flux:120s@0.75]","","",""
228,endurance,12,45,70,1,"1x2340s @0.7-0.7","","",""
229,anaerobic,12,36,0,1,"10x20s/100s @max_effort w:r=0.2","","",""
230,flux,12,40,70,1,"1x2340s [alternating_paces] [flux:120s@0.75]","","",""
231,flux,12,42,70,1,"1x2160s [alternating_paces] [flux:90s@0.75]","","",""
232,anaerobic,12,36,0,1,"8x30s/150s @max_effort w:r=0.2","","",""
233,polarized,12,60,70,1,"1x3060s [continuous_with_bursts] [burst:every_10_minutes/7s]","","",""
234,flux,12,42,70,1,"1x2340s [alternating_paces] [flux:90s@0.75]","","",""
235,ascending,12,24,110,1,"10x90s/90s @0.8-1.25 [pace:increasing] w:r=1","","",""
236,interval,12,36,95,1,"6x120s/180s @0.8-1.1 w:r=0.67","","",""
237,flux,12,42,70,1,"1x2520s [alternating_paces] [flux:90s@0.75]","","",""
238,endurance,12,45,70,1,"1x2520s @0.7-0.7","","",""
239,anaerobic,12,36,0,1,"6x45s/225s @max_effort w:r=0.2","","",""
240,flux,12,42,70,1,"1x2700s [alternating_paces] [flux:90s@0.75]","","",""
241,time_trial,13,10,0,1,"1x600s @max_effort","","",""
242,hybrid_anaerobic,,,,2,"3x60s/120s @1.05-1.2 w:r=0.5","4x30s/90s @1.05-1.2 w:r=0.33","",""
243,polarized,13,56,70,1,"1x2160s [continuous_with_bursts] [burst:every_5_minutes/7s]","","",""
244,flux,13,40,70,1,"1x1440s [alternating_paces] [flux:120s@0.75]","","",""
245,hybrid_aerobic,,,,2,"3x120s/60s @0.9-1.05 w:r=2","4x90s/30s @0.9-1.05 w:r=3","",""
246,flux,13,40,70,1,"1x1620s [alternating_paces] [flux:120s@0.75]","","",""
247,hybrid_anaerobic,,,,2,"6x15s/45s @1.05-1.2 w:r=0.33","3x60s/120s @1.05-1.2 w:r=0.5","",""
248,endurance,13,40,70,1,"1x2160s @0.7-0.7","","",""
249,interval,13,36,95,1,"6x120s/60s @0.8-1.1 w:r=2","","",""
250,hybrid_aerobic,,,,2,"6x45s/15s @0.9-1.05 w:r=3","3x120s/60s @0.9-1.05 w:r=2","",""
251,hybrid_anaerobic,,,,2,"4x30s/90s @1.05-1.2 w:r=0.33","2x120s/180s @1.05-1.2 w:r=0.67","",""
252,interval,13,36,95,1,"8x60s/120s @0.8-1.1 w:r=0.5","","",""
253,polarized,13,56,70,1,"1x2520s [continuous_with_bursts] [burst:every_10_minutes/7s]","","",""
254,hybrid_aerobic,,,,2,"4x90s/30s @0.9-1.05 w:r=3","2x180s/120s @0.9-1.05 w:r=1.5","",""
255,flux,13,40,70,1,"1x1800s [alternating_paces] [flux:120s@0.75]","","",""
256,flux,13,42,70,1,"1x1980s [alternating_paces] [flux:90s@0.75]","","",""
257,hybrid_anaerobic,,,,2,"3x60s/120s @1.05-1.2 w:r=0.5","6x15s/45s @1.05-1.2 w:r=0.33","",""
258,endurance,13,40,70,1,"1x2340s @0.7-0.7","","",""
259,interval,13,36,95,1,"4x180s/60s @0.8-1.1 w:r=3","","",""
260,hybrid_aerobic,,,,2,"3x120s/60s @0.9-1.05 w:r=2","6x45s/15s @0.9-1.05 w:r=3","",""
261,time_trial,14,10,0,1,"1x600s @max_effort","","",""
262,hybrid_anaerobic,,,,2,"4x60s/120s @1.05-1.2 w:r=0.5","5x30s/90s @1.05-1.2 w:r=0.33","",""
263,polarized,14,60,70,1,"1x1980s [continuous_with_bursts] [burst:every_5_minutes/7s]","","",""
264,flux,14,42,70,1,"1x1800s [alternating_paces] [flux:90s@0.75]","","",""
265,hybrid_aerobic,,,,2,"4x120s/60s @0.9-1.05 w:r=2","5x90s/30s @0.9-1.05 w:r=3","",""
266,flux,14,42,70,1,"1x1980s [alternating_paces] [flux:90s@0.75]","","",""
267,hybrid_anaerobic,,,,2,"8x15s/45s @1.05-1.2 w:r=0.33","4x60s/120s @1.05-1.2 w:r=0.5","",""
268,endurance,14,45,70,1,"1x2340s @0.7-0.7","","",""
269,interval,14,36,95,1,"7x120s/60s @0.8-1.1 w:r=2","","",""
270,hybrid_aerobic,,,,2,"8x45s/15s @0.9-1.05 w:r=3","4x120s/60s @0.9-1.05 w:r=2","",""
271,hybrid_anaerobic,,,,2,"5x30s/90s @1.05-1.2 w:r=0.33","3x120s/180s @1.05-1.2 w:r=0.67","",""
272,interval,14,36,95,1,"7x60s/120s @0.8-1.1 w:r=0.5","","",""
273,polarized,14,60,70,1,"1x2700s [continuous_with_bursts] [burst:every_7_minutes/7s]","","",""
274,hybrid_aerobic,,,,2,"5x90s/30s @0.9-1.05 w:r=3","3x180s/120s @0.9-1.05 w:r=1.5","",""
275,flux,14,42,70,1,"1x2160s [alternating_paces] [flux:90s@0.75]","","",""
276,flux,14,42,70,1,"1x2340s [alternating_paces] [flux:75s@0.75]","","",""
277,hybrid_anaerobic,,,,2,"4x60s/120s @1.05-1.2 w:r=0.5","8x15s/45s @1.05-1.2 w:r=0.33","",""
278,endurance,14,45,70,1,"1x2520s @0.7-0.7","","",""
279,interval,14,36,95,1,"5x180s/60s @0.8-1.1 w:r=3","","",""
280,hybrid_aerobic,,,,2,"4x120s/60s @0.9-1.05 w:r=2","8x45s/15s @0.9-1.05 w:r=3","",""
281,time_trial,15,10,0,1,"1x600s @max_effort","","",""
282,hybrid_anaerobic,,,,2,"5x60s/120s @1.05-1.2 w:r=0.5","6x30s/90s @1.05-1.2 w:r=0.33","",""
283,polarized,15,60,70,1,"1x1800s [continuous_with_bursts] [burst:every_5_minutes/7s]","","",""
284,flux,15,42,70,1,"1x2160s [alternating_paces] [flux:75s@0.75]","","",""
285,hybrid_aerobic,,,,2,"5x120s/60s @0.9-1.05 w:r=2","6x90s/30s @0.9-1.05 w:r=3","",""
286,flux,15,42,70,1,"1x2340s [alternating_paces] [flux:75s@0.75]","","",""
287,hybrid_anaerobic,,,,2,"10x15s/45s @1.05-1.2 w:r=0.33","5x60s/120s @1.05-1.2 w:r=0.5","",""
288,endurance,15,50,70,1,"1x2520s @0.7-0.7","","",""
289,interval,15,36,95,1,"8x120s/60s @0.8-1.1 w:r=2","","",""
290,hybrid_aerobic,,,,2,"10x45s/15s @0.9-1.05 w:r=3","5x120s/60s @0.9-1.05 w:r=2","",""
291,hybrid_anaerobic,,,,2,"6x30s/90s @1.05-1.2 w:r=0.33","4x120s/180s @1.05-1.2 w:r=0.67","",""
292,interval,15,36,95,1,"6x60s/120s @0.8-1.1 w:r=0.5","","",""
293,polarized,15,60,70,1,"1x2880s [continuous_with_bursts] [burst:every_10_minutes/7s]","","",""
294,hybrid_aerobic,,,,2,"6x90s/30s @0.9-1.05 w:r=3","4x180s/120s @0.9-1.05 w:r=1.5","",""
295,flux,15,42,70,1,"1x2520s [alternating_paces] [flux:75s@0.75]","","",""
296,flux,15,42,70,1,"1x2700s [alternating_paces] [flux:75s@0.75]","","",""
297,hybrid_anaerobic,,,,2,"5x60s/120s @1.05-1.2 w:r=0.5","10x15s/45s @1.05-1.2 w:r=0.33","",""
298,endurance,15,50,70,1,"1x2700s @0.7-0.7","","",""
299,interval,15,36,95,1,"6x180s/60s @0.8-1.1 w:r=3","","",""
300,hybrid_aerobic,,,,2,"5x120s/60s @0.9-1.05 w:r=2","10x45s/15s @0.9-1.05 w:r=3","",""
301,time_trial,16,10,0,1,"1x600s @max_effort","","",""
302,flux_stages,16,30,70,1,"1x1440s [progressive_flux_intensity] [flux:60s@0.75]","","",""
303,polarized,16,56,70,1,"1x2340s [continuous_with_bursts] [burst:every_7_minutes/7s]","","",""
304,anaerobic,16,36,0,1,"6x30s/150s @max_effort w:r=0.2","","",""
305,flux_stages,16,30,70,1,"1x1620s [progressive_flux_intensity] [flux:60s@0.75]","","",""
306,anaerobic,16,36,0,1,"8x20s/100s @max_effort w:r=0.2","","",""
307,flux_stages,16,30,70,1,"1x1800s [progressive_flux_intensity] [flux:60s@0.75]","","",""
308,endurance,16,45,70,1,"1x2700s @0.7-0.7","","",""
309,max_aerobic_power,16,36,95,1,"4x240s/240s @0.85-1.05 w:r=1","","",""
310,flux_stages,16,30,70,1,"1x1980s [progressive_flux_intensity] [flux:60s@0.75]","","",""
311,flux_stages,16,32,70,1,"1x1800s [progressive_flux_intensity] [flux:75s@0.75]","","",""
312,anaerobic,16,36,0,1,"6x30s/150s @max_effort w:r=0.2","","",""
313,polarized,16,56,70,1,"1x2700s [continuous_with_bursts] [burst:every_7_minutes/7s]","","",""
314,flux_stages,16,32,70,1,"1x1980s [progressive_flux_intensity] [flux:75s@0.75]","","",""
315,interval,16,36,95,1,"18x90s/30s @0.8-1.1 w:r=3","","",""
316,anaerobic,16,36,0,1,"4x45s/225s @max_effort w:r=0.2","","",""
317,flux_stages,16,32,70,1,"1x2160s [progressive_flux_intensity] [flux:75s@0.75]","","",""
318,endurance,16,45,70,1,"1x2700s @0.7-0.7","","",""
319,max_aerobic_power,16,36,95,1,"8x90s/90s @0.85-1.05 w:r=1","","",""
320,flux_stages,16,32,70,1,"1x2340s [progressive_flux_intensity] [flux:75s@0.75]","","",""
321,time_trial,17,10,0,1,"1x600s @max_effort","","",""
322,flux_stages,17,36,70,1,"1x2160s [progressive_flux_intensity] [flux:90s@0.75]","","",""
323,polarized,17,60,70,1,"1x2160s [continuous_with_bursts] [burst:every_5_minutes/7s]","","",""
324,anaerobic,17,36,0,1,"8x30s/150s @max_effort w:r=0.2","","",""
325,flux_stages,17,36,70,1,"1x2340s [progressive_flux_intensity] [flux:90s@0.75]","","",""
326,anaerobic,17,36,0,1,"10x20s/100s @max_effort w:r=0.2","","",""
327,flux_stages,17,36,70,1,"1x2520s [progressive_flux_intensity] [flux:90s@0.75]","","",""
328,endurance,17,50,70,1,"1x3000s @0.7-0.7","","",""
329,max_aerobic_power,17,36,95,1,"4x240s/240s @0.85-1.05 w:r=1","","",""
330,flux_stages,17,36,70,1,"1x2700s [progressive_flux_intensity] [flux:90s@0.75]","","",""
331,flux_stages,17,38,70,1,"1x1440s [progressive_flux_intensity] [flux:105s@0.75]","","",""
332,anaerobic,17,36,0,1,"8x30s/150s @max_effort w:r=0.2","","",""
333,polarized,17,60,70,1,"1x2880s [continuous_with_bursts] [burst:every_10_minutes/7s]","","",""
334,flux_stages,17,38,70,1,"1x1620s [progressive_flux_intensity] [flux:105s@0.75]","","",""
335,interval,17,36,95,1,"20x75s/25s @0.8-1.1 w:r=3","","",""
336,anaerobic,17,36,0,1,"6x45s/225s @max_effort w:r=0.2","","",""
337,flux_stages,17,38,70,1,"1x1800s [progressive_flux_intensity] [flux:105s@0.75]","","",""
338,endurance,17,50,70,1,"1x3000s @0.7-0.7","","",""
339,max_aerobic_power,17,36,95,1,"10x90s/90s @0.85-1.05 w:r=1","","",""
340,flux_stages,17,38,70,1,"1x1980s [progressive_flux_intensity] [flux:105s@0.75]","","",""
341,time_trial,18,10,0,1,"1x600s @max_effort","","",""
342,flux_stages,18,40,70,1,"1x1800s [progressive_flux_intensity] [flux:120s@0.75]","","",""
343,polarized,18,60,70,1,"1x1980s [continuous_with_bursts] [burst:every_5_minutes/7s]","","",""
344,anaerobic,18,36,0,1,"8x30s/150s @max_effort w:r=0.2","","",""
345,flux_stages,18,40,70,1,"1x1980s [progressive_flux_intensity] [flux:120s@0.75]","","",""
346,anaerobic,18,36,0,1,"10x20s/100s @max_effort w:r=0.2","","",""
347,flux_stages,18,40,70,1,"1x2160s [progressive_flux_intensity] [flux:120s@0.75]","","",""
348,endurance,18,55,70,1,"1x3300s @0.7-0.7","","",""
349,max_aerobic_power,18,36,95,1,"4x240s/240s @0.85-1.05 w:r=1","","",""
350,flux_stages,18,40,70,1,"1x2340s [progressive_flux_intensity] [flux:120s@0.75]","","",""
351,flux_stages,18,42,70,1,"1x2160s [progressive_flux_intensity] [flux:120s@0.75]","","",""
352,anaerobic,18,36,0,1,"8x30s/150s @max_effort w:r=0.2","","",""
353,polarized,18,60,70,1,"1x3060s [continuous_with_bursts] [burst:every_10_minutes/7s]","","",""
354,flux_stages,18,42,70,1,"1x2340s [progressive_flux_intensity] [flux:120s@0.75]","","",""
355,interval,18,36,95,1,"20x80s/25s @0.8-1.1 w:r=3.2","","",""
356,anaerobic,18,36,0,1,"6x45s/225s @max_effort w:r=0.2","","",""
357,flux_stages,18,42,70,1,"1x2520s [progressive_flux_intensity] [flux:120s@0.75]","","",""
358,endurance,18,55,70,1,"1x3300s @0.7-0.7","","",""
359,max_aerobic_power,18,36,95,1,"12x90s/90s @0.85-1.05 w:r=1","","",""
360,flux_stages,18,42,70,1,"1x2700s [progressive_flux_intensity] [flux:120s@0.75]","","",""
361,time_trial,19,10,0,1,"1x600s @max_effort","","",""
362,devour,19,32,85,1,"6x60s/60s @0.9-0.9 [increasing] w:r=1 +60s/rd","","",""
363,polarized,19,56,70,1,"1x2160s [continuous_with_bursts] [burst:every_5_minutes/7s]","","",""
364,flux,19,30,70,1,"1x1440s [alternating_paces] [flux:60s@0.75]","","",""
365,devour,19,34,85,1,"4x120s/120s @0.85-0.85 [increasing] w:r=1 +120s/rd","","",""
366,devour,19,36,85,1,"8x30s/30s @0.85-0.85 [increasing] w:r=1 +30s/rd","","",""
367,endurance,19,45,70,1,"1x2700s @0.7-0.7","","",""
368,flux,19,32,70,1,"1x1620s [alternating_paces] [flux:75s@0.75]","","",""
369,devour,19,38,85,1,"5x90s/90s @0.9-0.9 [increasing] w:r=1 +60s/rd","","",""
370,interval,19,36,85,1,"6x30s/90s @0.8-1.1 w:r=0.33","","",""
371,flux,19,34,70,1,"1x1800s [alternating_paces] [flux:90s@0.75]","","",""
372,devour,19,40,85,1,"5x60s/60s @0.9-0.9 [increasing] w:r=1 +60s/rd","","",""
373,polarized,19,58,70,1,"1x2520s [continuous_with_bursts] [burst:every_10_minutes/7s]","","",""
374,ascending,19,24,90,1,"10x60s/60s @0.8-1.25 [pace:increasing] w:r=1","","",""
375,devour,19,42,85,1,"4x120s/120s @0.85-85 [increasing] w:r=1 +120s/rd","","",""
376,devour,19,42,85,1,"8x30s/30s @0.85-0.85 [increasing] w:r=1 +30s/rd","","",""
377,endurance,19,50,70,1,"1x3000s @0.7-0.7","","",""
378,flux,19,36,70,1,"1x1980s [alternating_paces] [flux:105s@0.75]","","",""
379,devour,19,42,85,1,"5x90s/90s @0.85-0.85 [increasing] w:r=1 +60s/rd","","",""
380,interval,19,38,85,1,"4x120s/180s @0.8-1.1 w:r=0.67","","",""
381,time_trial,20,10,0,1,"1x600s @max_effort","","",""
382,devour,20,38,85,1,"5x60s/60s @0.85-0.85 [increasing] w:r=1 +60s/rd","","",""
383,polarized,20,60,70,1,"1x1980s [continuous_with_bursts] [burst:every_5_minutes/7s]","","",""
384,flux,20,38,70,1,"1x1800s [alternating_paces] [flux:120s@0.75]","","",""
385,ascending_devour,20,30,90,1,"5x60s/60s @0.8-1 [increasing] [pace:increasing] w:r=1 +60s/rd","","",""
386,devour,20,40,85,1,"4x120s/120s @0.9-0.9 [increasing] w:r=1 +120s/rd","","",""
387,endurance,20,50,70,1,"1x3000s @0.7-0.7","","",""
388,flux,20,40,70,1,"1x1980s [alternating_paces] [flux:120s@0.75]","","",""
389,ascending_devour,20,32,90,1,"4x120s/120s @0.75-0.975 [increasing] [pace:increasing] w:r=1 +120s/rd","","",""
390,interval,20,40,85,1,"8x30s/90s @0.8-1.1 w:r=0.33","","",""
391,flux,20,42,70,1,"1x2160s [alternating_paces] [flux:120s@0.75]","","",""
392,devour,20,42,85,1,"8x30s/30s @0.9-0.9 [increasing] w:r=1 +30s/rd","","",""
393,polarized,20,60,70,1,"1x2700s [continuous_with_bursts] [burst:every_7_minutes/7s]","","",""
394,ascending,20,28,90,1,"10x30s/30s @0.9-1.3 [pace:increasing] w:r=1","","",""
395,ascending_devour,20,34,90,1,"8x30s/30s @0.75-1.1 [increasing] [pace:increasing] w:r=1 +30s/rd","","",""
396,devour,20,42,85,1,"5x90s/90s @0.85-0.85 [increasing] w:r=1 +60s/rd","","",""
397,endurance,20,55,70,1,"1x3300s @0.7-0.7","","",""
398,flux,20,42,70,1,"1x2340s [alternating_paces] [flux:120s@0.75]","","",""
399,ascending_devour,20,36,90,1,"5x90s/90s @0.85-1.05 [increasing] [pace:increasing] w:r=1 +90s/rd","","",""
400,interval,20,42,85,1,"5x120s/180s @0.8-1.1 w:r=0.67","","",""
401,time_trial,21,10,0,1,"1x600s @max_effort","","",""
402,devour,21,40,85,1,"5x60s/60s @0.85-0.85 [increasing] w:r=1 +60s/rd","","",""
403,polarized,21,60,70,1,"1x1800s [continuous_with_bursts] [burst:every_5_minutes/7s]","","",""
404,flux,21,42,70,1,"1x2160s [alternating_paces] [flux:120s@0.75]","","",""
405,descending_devour,21,32,90,1,"5x120s/120s @0.9-0.9 w:r=1 rest-30s/rd","","",""
406,devour,21,42,85,1,"4x120s/120s @0.85-0.85 [increasing] w:r=1 +120s/rd","","",""
407,endurance,21,55,70,1,"1x3300s @0.7-0.7","","",""
408,flux,21,42,70,1,"1x2340s [alternating_paces] [flux:120s@0.75]","","",""
409,descending_devour,21,34,90,1,"4x180s/180s @0.9-0.9 w:r=1 +180s/rd rest-60s/rd","","",""
410,interval,21,42,85,1,"10x30s/90s @0.8-1.1 w:r=0.33","","",""
411,flux,21,42,70,1,"1x2520s [alternating_paces] [flux:120s@0.75]","","",""
412,devour,21,42,85,1,"8x30s/30s @0.85-0.85 [increasing] w:r=1 +30s/rd","","",""
413,polarized,21,60,70,1,"1x2880s [continuous_with_bursts] [burst:every_10_minutes/7s]","","",""
414,ascending,21,30,90,1,"10x90s/90s @0.9-1.3 [pace:increasing] w:r=1","","",""
415,descending_devour,21,36,90,1,"6x150s/150s @0.9-0.9 w:r=1 rest-30s/rd","","",""
416,devour,21,42,85,1,"5x90s/90s @0.85-0.85 [increasing] w:r=1 +60s/rd","","",""
417,endurance,21,60,70,1,"1x3600s @0.7-0.7","","",""
418,flux,21,42,70,1,"1x2700s [alternating_paces] [flux:120s@0.75]","","",""
419,descending_devour,21,36,90,1,"5x120s/60s @0.9-0.9 w:r=2 +120s/rd rest-15s/rd","","",""
420,interval,21,42,85,1,"6x120s/180s @0.8-1.1 w:r=0.67","","",""
421,time_trial,22,10,0,1,"1x600s @max_effort","","",""
422,infinity,22,42,85,3,"4x60s/60s @0.85-1 [increasing] [pace:increasing] w:r=1 +60s/rd","2x120s/120s @0.85-0.9 w:r=1 rest-60s/rd","1x240s @1.2-1.2",""
423,max_aerobic_power,22,30,85,1,"4x240s/240s @0.85-1.05 w:r=1","","",""
424,flux,22,36,70,1,"1x1440s [alternating_paces] [flux:90s@0.75]","","",""
425,infinity,22,44,85,3,"6x30s/30s @0.85-1.1 [increasing] [pace:increasing] w:r=1 +30s/rd","3x90s/90s @0.85-0.95 w:r=1 rest-30s/rd","1x300s @1.2-1.2",""
426,infinity,22,45,85,3,"4x120s/60s @0.85-1 [increasing] [pace:increasing] w:r=2 +60s/rd","4x120s/120s @0.85-1 w:r=1 rest-30s/rd","1x180s @1.2-1.2",""
427,max_aerobic_power,22,32,85,1,"8x90s/90s @0.85-1.05 w:r=1","","",""
428,flux,22,38,70,1,"1x1620s [alternating_paces] [flux:105s@0.75]","","",""
429,infinity,22,45,85,3,"4x30s/30s @0.85-1 [increasing] [pace:increasing] w:r=1 +60s/rd","3x180s/180s @0.85-0.95 w:r=1 rest-60s/rd","1x240s @1.2-1.2",""
430,polarized,22,56,70,1,"1x2340s [continuous_with_bursts] [burst:every_7_minutes/7s]","","",""
431,endurance,22,45,70,1,"1x2700s @0.7-0.7","","",""
432,infinity,22,45,85,3,"3x120s/120s @0.85-0.95 [increasing] [pace:increasing] w:r=1 +120s/rd","6x90s/90s @0.85-1.1 w:r=1 rest-15s/rd","1x300s @1.2-1.2",""
433,max_aerobic_power,22,34,85,1,"5x180s/180s @0.85-1.05 w:r=1","","",""
434,flux,22,40,70,1,"1x1800s [alternating_paces] [flux:120s@0.75]","","",""
435,infinity,22,45,85,3,"3x60s/60s @0.85-0.95 [increasing] [pace:increasing] w:r=1 +120s/rd","4x180s/120s @0.85-1 w:r=1.5 rest-30s/rd","1x240s @1.2-1.2",""
436,infinity,22,45,85,3,"4x60s/60s @0.85-1 [increasing] [pace:increasing] w:r=1 +60s/rd","2x120s/120s @0.85-1.15 w:r=1 rest-60s/rd","1x180s @1.2-1.2",""
437,max_aerobic_power,22,36,85,1,"18x30s/30s @0.85-1.05 w:r=1","","",""
438,flux,22,42,70,1,"1x1980s [alternating_paces] [flux:120s@0.75]","","",""
439,infinity,22,45,85,3,"60x30s/30s @0.85-1.1 [increasing] [pace:increasing] w:r=1 +30s/rd rest10s/rd","3x90s/90s @0.85-1.15 w:r=1 rest-30s/rd","1x239s @1.2-1.2",""
440,polarized,22,58,70,1,"1x2700s [continuous_with_bursts] [burst:every_7_minutes/7s]","","",""
441,time_trial,23,10,0,1,"1x600s @max_effort","","",""
442,infinity,23,45,85,3,"4x120s/60s @0.85-1 [increasing] [pace:increasing] w:r=2 +60s/rd rest10s/rd","4x120s/120s @0.85-1.15 w:r=1 rest-30s/rd","1x300s @1.2-1.2",""
443,max_aerobic_power,23,36,85,1,"4x240s/240s @0.85-1.05 w:r=1","","",""
444,flux,23,42,70,1,"1x1800s [alternating_paces] [flux:120s@0.75]","","",""
445,infinity,23,45,85,3,"4x30s/30s @0.85-1 [increasing] [pace:increasing] w:r=1 +30s/rd rest10s/rd","3x180s/180s @0.85-1.15 w:r=1 rest-60s/rd","1x240s @1.2-1.2",""
446,infinity,23,45,85,3,"3x120s/120s @0.85-0.95 [increasing] [pace:increasing] w:r=1 +120s/rd rest10s/rd","6x90s/90s @0.85-1.15 w:r=1 rest-15s/rd","1x180s @1.2-1.2",""
447,max_aerobic_power,23,36,85,1,"10x90s/90s @0.85-1.05 w:r=1","","",""
448,flux,23,42,70,1,"1x1980s [alternating_paces] [flux:120s@0.75]","","",""
449,infinity,23,45,85,3,"3x60s/60s @0.85-0.95 [increasing] [pace:increasing] w:r=1 +120s/rd","4x180s/120s @0.85-1.15 w:r=1.5 rest-30s/rd","1x240s @1.2-1.2",""
450,polarized,23,60,70,1,"1x2160s [continuous_with_bursts] [burst:every_5_minutes/7s]","","",""
451,endurance,23,50,70,1,"1x3000s @0.7-0.7","","",""
452,infinity,23,45,85,3,"4x60s/60s @0.85-1 [increasing] [pace:increasing] w:r=1 +60s/rd","2x120s/120s @0.85-1.15 w:r=1 rest-60s/rd","1x300s @1.2-1.2",""
453,max_aerobic_power,23,36,85,1,"3x300s/300s @0.85-1.05 w:r=1","","",""
454,flux,23,42,70,1,"1x2160s [alternating_paces] [flux:120s@0.75]","","",""
455,infinity,23,45,85,3,"6x30s/30s @0.85-1.1 [increasing] [pace:increasing] w:r=1 +30s/rd","3x90s/90s @0.85-1.15 w:r=1 rest-30s/rd","1x239s @1.2-1.2",""
456,infinity,23,45,85,3,"4x120s/60s @0.85-1 [increasing] [pace:increasing] w:r=2 +60s/rd","4x180s/120s @0.85-1.15 w:r=1.5 rest-30s/rd","1x180s @1.2-1.2",""
457,max_aerobic_power,23,36,85,1,"21x30s/30s @0.85-1.05 w:r=1","","",""
458,flux,23,42,70,1,"1x2340s [alternating_paces] [flux:120s@0.75]","","",""
459,infinity,23,45,85,3,"4x30s/30s @0.85-1 [increasing] [pace:increasing] w:r=1 +60s/rd","3x180s/180s @0.85-1.15 w:r=1 rest-60s/rd","1x240s @1.2-1.2",""
460,polarized,23,60,70,1,"1x2880s [continuous_with_bursts] [burst:every_10_minutes/7s]","","",""
461,time_trial,24,10,0,1,"1x600s @max_effort","","",""
462,infinity,24,45,85,3,"3x120s/120s @0.85-0.95 [increasing] [pace:increasing] w:r=1 +120s/rd","6x90s/90s @0.85-1.15 w:r=1 rest-15s/rd","1x300s @1.2-1.2",""
463,max_aerobic_power,24,36,85,1,"4x240s/240s @0.85-1.05 w:r=1","","",""
464,flux,24,42,70,1,"1x2160s [alternating_paces] [flux:120s@0.75]","","",""
465,infinity,24,45,85,3,"3x60s/60s @0.85-0.95 [increasing] [pace:increasing] w:r=1 +120s/rd","4x180s/120s @0.85-1.15 w:r=1.5 rest-30s/rd","1x240s @1.2-1.2",""
466,infinity,24,45,85,3,"4x60s/60s @0.85-1 [increasing] [pace:increasing] w:r=1 +60s/rd","2x120s/120s @0.85-1.15 w:r=1 rest-60s/rd","1x180s @1.2-1.2",""
467,max_aerobic_power,24,36,85,1,"12x90s/90s @0.85-1.05 w:r=1","","",""
468,flux,24,42,70,1,"1x2340s [alternating_paces] [flux:120s@0.75]","","",""
469,infinity,24,45,85,3,"6x30s/30s @0.85-1.1 [increasing] [pace:increasing] w:r=1 +30s/rd","3x90s/90s @0.85-1.15 w:r=1 rest-30s/rd","1x240s @1.2-1.2",""
470,polarized,24,60,70,1,"1x1980s [continuous_with_bursts] [burst:every_5_minutes/7s]","","",""
471,endurance,24,55,70,1,"1x3300s @0.7-0.7","","",""
472,infinity,24,45,85,3,"4x120s/60s @0.85-1 [increasing] [pace:increasing] w:r=2 +60s/rd","4x120s/120s @0.85-1.15 w:r=1 rest-30s/rd","1x300s @1.2-1.2",""
473,max_aerobic_power,24,36,85,1,"3x360s/360s @0.85-1.05 w:r=1","","",""
474,flux,24,42,70,1,"1x2520s [alternating_paces] [flux:120s@0.75]","","",""
475,infinity,24,45,85,3,"4x30s/30s @0.85-1 [increasing] [pace:increasing] w:r=1 +60s/rd","3x180s/180s @0.85-1.15 w:r=1 rest-30s/rd","1x180s @1.2-1.2",""
476,infinity,24,45,85,3,"3x120s/120s @0.85-0.95 [increasing] [pace:increasing] w:r=1 +120s/rd rest10s/rd","6x90s/90s @0.85-1.15 w:r=1 rest-15s/rd","1x240s @1.2-1.2",""
477,max_aerobic_power,24,36,85,1,"24x30s/30s @0.85-1.05 w:r=1","","",""
478,flux,24,42,70,1,"1x2700s [alternating_paces] [flux:120s@0.75]","","",""
479,infinity,24,45,85,3,"35x60s/60s @0.85-0.95 [increasing] [pace:increasing] w:r=1 +120s/rd","4x180s/120s @0.85-1.15 w:r=1.5 rest-30s/rd","1x300s @1.2-1.2",""
480,polarized,24,60,70,1,"1x3060s [continuous_with_bursts] [burst:every_10_minutes/7s]","","",""
481,time_trial,25,10,0,1,"1x600s @max_effort","","",""
482,towers,25,36,75,3,"3x120s @0.75-0.9 [continuous] [pace:increasing]","1x300s @0.75-0.9","6x60s/60s @0.8-1.05 [pace:increasing] w:r=1",""
483,endurance,25,45,70,1,"1x2700s @0.7-0.7","","",""
484,interval,25,32,85,1,"6x120s/60s @0.8-1.1 w:r=2","","",""
485,towers,25,37,75,3,"4x90s @0.75-0.9 [continuous] [pace:increasing]","1x600s @0.75-0.9","4x120s/60s @0.8-1.05 [pace:increasing] w:r=2",""
486,towers,25,38,75,3,"4x120s @0.75-0.9 [continuous] [pace:increasing]","1x360s @0.75-0.9","8x30s/30s @0.8-1.05 [pace:increasing] w:r=1",""
487,max_aerobic_power,25,30,85,1,"3x300s/300s @0.85-1.05 w:r=1","","",""
488,polarized,25,56,70,1,"1x2160s [continuous_with_bursts] [burst:every_5_minutes/7s]","","",""
489,towers,25,39,75,3,"5x60s @0.75-0.9 [continuous] [pace:increasing]","1x540s @0.75-0.9","6x90s/30s @0.8-1.05 [pace:increasing] w:r=3",""
490,interval,25,34,85,1,"4x180s/120s @0.8-1.1 w:r=1.5","","",""
491,interval,25,36,85,1,"6x60s/120s @0.8-1.1 w:r=0.5","","",""
492,towers,25,40,75,3,"3x120s @0.75-0.9 [continuous] [pace:increasing]","1x420s @0.75-0.9","6x60s/60s @0.8-1.05 [pace:increasing] w:r=1",""
493,endurance,25,50,70,1,"1x3000s @0.7-0.7","","",""
494,ascending,25,24,90,1,"10x60s/60s @0.9-1.3 [pace:increasing] w:r=1","","",""
495,towers,25,40,75,3,"4x90s @0.75-0.9 [continuous] [pace:increasing]","1x480s @0.77-0.92","4x120s/60s @0.82-1.07 [pace:increasing] w:r=2",""
496,towers,25,40,75,3,"4x120s @0.75-0.9 [continuous] [pace:increasing]","1x300s @0.78-0.93","8x30s/30s @0.83-1.08 [pace:increasing] w:r=1",""
497,max_aerobic_power,25,32,85,1,"21x30s/30s @0.85-1.05 w:r=1","","",""
498,polarized,25,58,70,1,"1x2520s [continuous_with_bursts] [burst:every_10_minutes/7s]","","",""
499,towers,25,40,75,3,"5x60s @0.75-0.9 [continuous] [pace:increasing]","1x600s @0.79-0.94","7x90s/30s @0.84-1.09 [pace:increasing] w:r=3",""
500,interval,25,38,85,1,"5x180s/60s @0.8-1.1 w:r=3","","",""
501,time_trial,26,10,0,1,"1x600s @max_effort","","",""
502,towers,26,40,75,3,"3x120s @0.75-0.9 [continuous] [pace:increasing]","1x360s @0.8-0.95","7x60s/60s @0.85-1.1 [pace:increasing] w:r=1",""
503,endurance,26,50,70,1,"1x3000s @0.7-0.7","","",""
504,interval,26,40,85,1,"8x120s/60s @0.8-1.1 w:r=2","","",""
505,towers,26,40,75,3,"4x90s @0.75-0.9 [continuous] [pace:increasing]","1x540s @0.81-0.96","5x120s/60s @0.86-1.11 [pace:increasing] w:r=2",""
506,towers,26,40,75,3,"4x120s @0.75-0.9 [continuous] [pace:increasing]","1x420s @0.82-0.97","10x30s/30s @0.87-1.12 [pace:increasing] w:r=1",""
507,max_aerobic_power,26,34,85,1,"4x240s/240s @0.85-1.05 w:r=1","","",""
508,polarized,26,60,70,1,"1x1980s [continuous_with_bursts] [burst:every_5_minutes/7s]","","",""
509,towers,26,40,75,3,"5x60s @0.75-0.9 [continuous] [pace:increasing]","1x480s @0.83-0.98","7x90s/30s @0.88-1.13 [pace:increasing] w:r=3",""
510,interval,26,42,85,1,"5x180s/120s @0.8-1.1 w:r=1.5","","",""
511,interval,26,42,85,1,"8x60s/120s @0.8-1.1 w:r=0.5","","",""
512,towers,26,40,75,3,"3x120s @0.75-0.9 [continuous] [pace:increasing]","1x300s @0.84-0.99","7x60s/60s @0.89-1.14 [pace:increasing] w:r=1",""
513,endurance,26,55,70,1,"1x3300s @0.7-0.7","","",""
514,ascending,26,26,90,1,"10x30s/30s @0.9-1.3 [pace:increasing] w:r=1","","",""
515,towers,26,40,75,3,"4x90s @0.75-0.9 [continuous] [pace:increasing]","1x600s @0.85-1","5x120s/60s @0.9-1.15 [pace:increasing] w:r=2",""
516,towers,26,40,75,3,"4x120s @0.75-0.9 [continuous] [pace:increasing]","1x360s @0.86-1.01","10x30s/30s @0.91-1.16 [pace:increasing] w:r=1",""
517,max_aerobic_power,26,36,85,1,"12x90s/90s @0.85-1.05 w:r=1","","",""
518,polarized,26,60,70,1,"1x2700s [continuous_with_bursts] [burst:every_7_minutes/7s]","","",""
519,towers,26,40,75,3,"5x60s @0.75-0.9 [continuous] [pace:increasing]","1x540s @0.87-1.02","7x90s/30s @0.92-1.17 [pace:increasing] w:r=3",""
520,interval,26,42,85,1,"6x180s/60s @0.8-1.1 w:r=3","","",""
521,time_trial,27,10,0,1,"1x600s @max_effort","","",""
522,towers,27,40,75,3,"3x120s @0.75-0.9 [continuous] [pace:increasing]","1x420s @0.88-1.03","8x60s/60s @0.93-1.18 [pace:increasing] w:r=1",""
523,endurance,27,55,70,1,"1x3300s @0.7-0.7","","",""
524,interval,27,42,85,1,"10x120s/60s @0.8-1.1 w:r=2","","",""
525,towers,27,40,75,3,"4x90s @0.75-0.9 [continuous] [pace:increasing]","1x480s @0.89-1.04","6x120s/60s @0.94-1.19 [pace:increasing] w:r=2",""
526,towers,27,40,75,3,"4x120s @0.75-0.9 [continuous] [pace:increasing]","1x300s @0.9-1.05","12x30s/30s @0.95-1.2 [pace:increasing] w:r=1",""
527,max_aerobic_power,27,36,85,1,"3x300s/300s @0.85-1.05 w:r=1","","",""
528,polarized,27,60,70,1,"1x1800s [continuous_with_bursts] [burst:every_5_minutes/7s]","","",""
529,towers,27,40,75,3,"5x60s @0.75-0.9 [continuous] [pace:increasing]","1x600s @0.91-1.06","8x90s/30s @0.96-1.21 [pace:increasing] w:r=3",""
530,interval,27,42,85,1,"6x180s/120s @0.8-1.1 w:r=1.5","","",""
531,interval,27,42,85,1,"10x60s/120s @0.8-1.1 w:r=0.5","","",""
532,towers,27,40,75,3,"3x120s @0.75-0.9 [continuous] [pace:increasing]","1x360s @0.92-1.07","48x60s/60s @0.97-1.22 [pace:increasing] w:r=1",""
533,endurance,27,60,70,1,"1x3600s @0.7-0.7","","",""
534,ascending,27,28,90,1,"10x90s/90s @0.9-1.3 [pace:increasing] w:r=1","","",""
535,towers,27,40,75,3,"4x90s @0.75-0.9 [continuous] [pace:increasing]","1x540s @0.93-1.08","6x120s/60s @0.98-1.23 [pace:increasing] w:r=2",""
536,towers,27,40,75,3,"4x120s @0.75-0.9 [continuous] [pace:increasing]","1x420s @0.94-1.09","12x30s/30s @0.99-1.24 [pace:increasing] w:r=1",""
537,max_aerobic_power,27,36,85,1,"24x30s/30s @0.85-1.05 w:r=1","","",""
538,polarized,27,60,70,1,"1x2880s [continuous_with_bursts] [burst:every_10_minutes/7s]","","",""
539,towers,27,40,75,3,"5x60s @0.75-0.9 [continuous] [pace:increasing]","1x480s @0.95-1.1","9x90s/30s @1-1.25 [pace:increasing] w:r=3",""
540,interval,27,42,85,1,"8x180s/60s @0.8-1.1 w:r=3","","",""
541,time_trial,28,10,0,1,"1x600s @max_effort","","",""
542,afterburner,28,36,80,3,"4x15s/45s @max_effort w:r=0.33","1x240s @0.75-0.85","4x90s/90s @0.8-0.95 [pace:increasing] w:r=1",""
543,endurance,28,45,70,1,"1x2700s @0.7-0.7","","",""
544,interval,28,32,85,1,"16x90s/30s @0.8-1.1 w:r=3","","",""
545,afterburner,28,37,80,3,"3x30s/90s @max_effort w:r=0.33","1x540s @0.76-0.86","6x60s/30s @0.81-0.96 [pace:increasing] w:r=2",""
546,afterburner,28,38,80,3,"4x15s/45s @max_effort w:r=0.33","1x300s @0.77-0.87","8x30s/30s @0.82-0.97 [pace:increasing] w:r=1",""
547,polarized,28,56,70,1,"1x2700s [continuous_with_bursts] [burst:every_7_minutes/7s]","","",""
548,interval,28,34,85,1,"17x100s/33s @0.8-1.1 w:r=3.03","","",""
549,afterburner,28,39,80,3,"3x30s/90s @max_effort w:r=0.33","1x480s @0.78-0.88","4x120s/60s @0.83-0.98 [pace:increasing] w:r=2",""
550,endurance,28,50,70,1,"1x3000s @0.7-0.7","","",""
551,afterburner,28,40,80,3,"4x15s/45s @max_effort w:r=0.33","1x360s @0.79-0.89","6x60s/60s @0.84-0.99 [pace:increasing] w:r=1",""
552,interval,28,36,85,1,"18x110s/37s @0.8-1.1 w:r=2.97","","",""
553,polarized,28,58,70,1,"1x1800s [continuous_with_bursts] [burst:every_7_minutes/7s]","","",""
554,afterburner,28,41,80,3,"3x30s/90s @max_effort w:r=0.33","1x420s @0.8-0.9","3x180s/90s @0.85-1 [pace:increasing] w:r=2",""
555,interval,28,38,85,1,"19x120s/40s @0.8-1.1 w:r=3","","",""
556,afterburner,28,42,80,3,"4x15s/45s @max_effort w:r=0.33","1x240s @0.81-0.91","3x120s/120s @0.86-1.01 [pace:increasing] w:r=1",""
557,endurance,28,50,70,1,"1x3000s @0.7-0.7","","",""
558,interval,28,40,85,1,"20x130s/43s @0.8-1.1 w:r=3.02","","",""
559,afterburner,28,42,80,3,"3x30s/90s @max_effort w:r=0.33","1x540s @0.82-0.92","8x40s/20s @0.87-1.02 [pace:increasing] w:r=2",""
560,polarized,28,60,70,1,"1x2880s [continuous_with_bursts] [burst:every_7_minutes/7s]","","",""
561,time_trial,29,10,0,1,"1x600s @max_effort","","",""
562,afterburner,29,42,80,3,"5x15s/45s @max_effort w:r=0.33","1x300s @0.83-0.93","4x90s/90s @0.88-1.03 [pace:increasing] w:r=1",""
563,endurance,29,55,70,1,"1x3300s @0.7-0.7","","",""
564,interval,29,40,85,1,"20x140s/47s @0.8-1.1 w:r=2.98","","",""
565,afterburner,29,42,80,3,"4x30s/90s @max_effort w:r=0.33","1x480s @0.84-0.94","6x60s/30s @0.89-1.04 [pace:increasing] w:r=2",""
566,afterburner,29,42,80,3,"5x15s/45s @max_effort w:r=0.33","1x360s @0.85-0.95","8x30s/30s @0.9-1.05 [pace:increasing] w:r=1",""
567,polarized,29,60,70,1,"1x2340s [continuous_with_bursts] [burst:every_7_minutes/7s]","","",""
568,interval,29,42,85,1,"20x150s/50s @0.8-1.1 w:r=3","","",""
569,afterburner,29,42,80,3,"4x30s/90s @max_effort w:r=0.33","1x420s @0.86-0.96","4x120s/60s @0.91-1.06 [pace:increasing] w:r=2",""
570,endurance,29,55,70,1,"1x3300s @0.7-0.7","","",""
571,afterburner,29,42,80,3,"5x15s/45s @max_effort w:r=0.33","1x240s @0.87-0.97","6x60s/60s @0.92-1.07 [pace:increasing] w:r=1",""
572,interval,29,42,85,1,"20x160s/53s @0.8-1.1 w:r=3.02","","",""
573,polarized,29,60,70,1,"1x2700s [continuous_with_bursts] [burst:every_7_minutes/7s]","","",""
574,afterburner,29,42,80,3,"4x30s/90s @max_effort w:r=0.33","1x540s @0.88-0.98","3x180s/90s @0.93-1.08 [pace:increasing] w:r=2",""
575,interval,29,42,85,1,"20x170s/57s @0.8-1.1 w:r=2.98","","",""
576,afterburner,29,42,80,3,"5x15s/45s @max_effort w:r=0.33","1x300s @0.89-0.99","3x120s/120s @0.94-1.09 [pace:increasing] w:r=1",""
577,endurance,29,60,70,1,"1x3600s @0.7-0.7","","",""
578,interval,29,42,85,1,"20x180s/60s @0.8-1.1 w:r=3","","",""
579,afterburner,29,42,80,3,"4x30s/90s @max_effort w:r=0.33","1x480s @0.9-1","8x40s/20s @0.95-1.1 [pace:increasing] w:r=2",""
580,polarized,29,60,70,1,"1x2160s [continuous_with_bursts] [burst:every_7_minutes/7s]","","",""
581,time_trial,30,10,0,1,"1x600s @max_effort","","",""
582,afterburner,30,42,80,3,"6x15s/45s @max_effort w:r=0.33","1x360s @0.91-1.01","4x90s/90s @0.96-1.11 [pace:increasing] w:r=1",""
583,endurance,30,60,70,1,"1x3600s @0.7-0.7","","",""
584,interval,30,42,85,1,"20x190s/63s @0.8-1.1 w:r=3.02","","",""
585,afterburner,30,42,80,3,"4x30s/90s @max_effort w:r=0.33","1x420s @0.92-1.02","6x60s/30s @0.97-1.12 [pace:increasing] w:r=2",""
586,afterburner,30,42,80,3,"6x15s/45s @max_effort w:r=0.33","1x240s @0.93-1.03","8x30s/30s @0.98-1.13 [pace:increasing] w:r=1",""
587,polarized,30,60,70,1,"1x2880s [continuous_with_bursts] [burst:every_7_minutes/7s]","","",""
588,interval,30,42,85,1,"20x200s/67s @0.8-1.1 w:r=2.99","","",""
589,afterburner,30,42,80,3,"4x30s/90s @max_effort w:r=0.33","1x540s @0.94-1.04","4x120s/60s @0.99-1.14 [pace:increasing] w:r=2",""
590,endurance,30,60,70,1,"1x3600s @0.7-0.7","","",""
591,afterburner,30,42,80,3,"6x15s/45s @max_effort w:r=0.33","1x300s @0.95-1.05","6x60s/60s @1-1.15 [pace:increasing] w:r=1",""
592,interval,30,42,85,1,"20x210s/70s @0.8-1.1 w:r=3","","",""
593,polarized,30,60,70,1,"1x1980s [continuous_with_bursts] [burst:every_7_minutes/7s]","","",""
594,afterburner,30,42,80,3,"4x30s/90s @max_effort w:r=0.33","1x480s @0.96-1.06","3x180s/90s @1.01-1.16 [pace:increasing] w:r=2",""
595,interval,30,42,85,1,"20x220s/73s @0.8-1.1 w:r=3.01","","",""
596,afterburner,30,42,80,3,"6x15s/45s @max_effort w:r=0.33","1x360s @0.97-1.07","3x120s/120s @1.02-1.17 [pace:increasing] w:r=1",""
597,endurance,30,60,70,1,"1x3600s @0.7-0.7","","",""
598,interval,30,42,85,1,"20x230s/77s @0.8-1.1 w:r=2.99","","",""
599,afterburner,30,42,80,3,"4x30s/90s @max_effort w:r=0.33","1x420s @0.98-1.08","8x40s/20s @1.03-1.18 [pace:increasing] w:r=2",""
600,polarized,30,60,70,1,"1x3060s [continuous_with_bursts] [burst:every_7_minutes/7s]","","",""
601,time_trial,31,10,0,1,"1x600s @max_effort","","",""
602,atomic,,,,2,"5x8s/52s @max_effort w:r=0.15","4x120s/60s @0.75-1 [continuous] [pace:increasing] w:r=2","",""
603,polarized,31,60,70,1,"1x2160s [continuous_with_bursts] [burst:every_7_minutes/7s]","","",""
604,interval,31,36,95,1,"6x120s/60s @0.8-1.1 w:r=2","","",""
605,atomic,,,,2,"6x8s/52s @max_effort w:r=0.15","2x180s/120s @0.75-1 [continuous] [pace:increasing] w:r=1.5","",""
606,atomic,,,,2,"7x8s/52s @max_effort w:r=0.15","3x180s/60s @0.75-1 [continuous] [pace:increasing] w:r=3","",""
607,flux_stages,31,42,70,1,"1x1620s [progressive_flux_intensity] [flux:90s@0.75]","","",""
608,endurance,31,55,70,1,"1x3300s @0.7-0.7","","",""
609,atomic,,,,2,"8x8s/52s @max_effort w:r=0.15","6x90s/30s @0.75-1 [continuous] [pace:increasing] w:r=3","",""
610,interval,31,36,95,1,"4x180s/120s @0.8-1.1 w:r=1.5","","",""
611,flux_stages,31,42,70,1,"1x1800s [progressive_flux_intensity] [flux:90s@0.75]","","",""
612,atomic,,,,2,"5x8s/52s @max_effort w:r=0.15","12x45s/15s @0.75-1 [continuous] [pace:increasing] w:r=3","",""
613,polarized,31,60,70,1,"1x2520s [continuous_with_bursts] [burst:every_5_minutes/7s]","","",""
614,interval,31,36,95,1,"6x60s/120s @0.8-1.1 w:r=0.5","","",""
615,atomic,,,,2,"6x8s/52s @max_effort w:r=0.15","2x240s/120s @0.75-1 [continuous] [pace:increasing] w:r=2","",""
616,atomic,,,,2,"7x8s/52s @max_effort w:r=0.15","5x120s/60s @0.75-1 [continuous] [pace:increasing] w:r=2","",""
617,flux_stages,31,42,70,1,"1x1980s [progressive_flux_intensity] [flux:90s@0.75]","","",""
618,endurance,31,55,70,1,"1x3300s @0.7-0.7","","",""
619,atomic,,,,2,"8x8s/52s @max_effort w:r=0.15","3x180s/120s @0.75-1 [continuous] [pace:increasing] w:r=1.5","",""
620,interval,31,36,95,1,"5x180s/60s @0.8-1.1 w:r=3","","",""
621,time_trial,32,10,0,1,"1x600s @max_effort","","",""
622,atomic,,,,2,"5x10s/50s @max_effort w:r=0.2","4x180s/60s @0.8-1 [continuous] [pace:increasing] w:r=3","",""
623,polarized,32,60,70,1,"1x1980s [continuous_with_bursts] [burst:every_10_minutes/7s]","","",""
624,interval,32,36,95,1,"8x120s/60s @0.8-1.1 w:r=2","","",""
625,atomic,,,,2,"6x10s/50s @max_effort w:r=0.2","8x90s/30s @0.8-1 [continuous] [pace:increasing] w:r=3","",""
626,atomic,,,,2,"7x10s/50s @max_effort w:r=0.2","15x45s/15s @0.8-1 [continuous] [pace:increasing] w:r=3","",""
627,flux_stages,32,42,70,1,"1x1980s [progressive_flux_intensity] [flux:105s@0.75]","","",""
628,endurance,32,58,70,1,"1x3480s @0.7-0.7","","",""
629,atomic,,,,2,"8x10s/50s @max_effort w:r=0.2","3x240s/120s @0.8-1 [continuous] [pace:increasing] w:r=2","",""
630,interval,32,36,95,1,"5x180s/120s @0.8-1.1 w:r=1.5","","",""
631,flux_stages,32,42,70,1,"1x2160s [progressive_flux_intensity] [flux:105s@0.75]","","",""
632,atomic,,,,2,"5x10s/50s @max_effort w:r=0.2","4x120s/60s @0.8-1 [continuous] [pace:increasing] w:r=2","",""
633,polarized,32,60,70,1,"1x2700s [continuous_with_bursts] [burst:every_5_minutes/7s]","","",""
634,interval,32,36,95,1,"8x60s/120s @0.8-1.1 w:r=0.5","","",""
635,atomic,,,,2,"6x10s/50s @max_effort w:r=0.2","2x180s/120s @0.8-1 [continuous] [pace:increasing] w:r=1.5","",""
636,atomic,,,,2,"7x10s/50s @max_effort w:r=0.2","3x180s/60s @0.8-1 [continuous] [pace:increasing] w:r=3","",""
637,flux_stages,32,42,70,1,"1x2340s [progressive_flux_intensity] [flux:105s@0.75]","","",""
638,endurance,32,58,70,1,"1x3480s @0.7-0.7","","",""
639,atomic,,,,2,"8x10s/50s @max_effort w:r=0.2","6x90s/30s @0.8-1 [continuous] [pace:increasing] w:r=3","",""
640,interval,32,36,95,1,"6x120s/60s @0.8-1.1 w:r=2","","",""
641,time_trial,33,10,0,1,"1x600s @max_effort","","",""
642,atomic,,,,2,"5x12s/48s @max_effort w:r=0.25","12x45s/15s @0.85-1 [continuous] [pace:increasing] w:r=3","",""
643,polarized,33,60,70,1,"1x1800s [continuous_with_bursts] [burst:every_5_minutes/7s]","","",""
644,interval,33,36,95,1,"10x120s/60s @0.8-1.1 w:r=2","","",""
645,atomic,,,,2,"6x12s/48s @max_effort w:r=0.25","2x240s/120s @0.85-1 [continuous] [pace:increasing] w:r=2","",""
646,atomic,,,,2,"7x12s/48s @max_effort w:r=0.25","5x120s/60s @0.85-1 [continuous] [pace:increasing] w:r=2","",""
647,flux_stages,33,42,70,1,"1x2340s [progressive_flux_intensity] [flux:120s@0.75]","","",""
648,endurance,33,60,70,1,"1x3600s @0.7-0.7","","",""
649,atomic,,,,2,"8x12s/48s @max_effort w:r=0.25","3x180s/120s @0.85-1 [continuous] [pace:increasing] w:r=1.5","",""
650,interval,33,36,95,1,"6x180s/120s @0.8-1.1 w:r=1.5","","",""
651,flux_stages,33,42,70,1,"1x2520s [progressive_flux_intensity] [flux:120s@0.75]","","",""
652,atomic,,,,2,"5x12s/48s @max_effort w:r=0.25","4x180s/60s @0.85-1 [continuous] [pace:increasing] w:r=3","",""
653,polarized,33,60,70,1,"1x2880s [continuous_with_bursts] [burst:every_10_minutes/7s]","","",""
654,interval,33,36,95,1,"10x60s/120s @0.8-1.1 w:r=0.5","","",""
655,atomic,,,,2,"6x12s/48s @max_effort w:r=0.25","8x90s/30s @0.85-1 [continuous] [pace:increasing] w:r=3","",""
656,atomic,,,,2,"7x12s/48s @max_effort w:r=0.25","15x45s/15s @0.85-1 [continuous] [pace:increasing] w:r=3","",""
657,flux_stages,33,42,70,1,"1x2700s [progressive_flux_intensity] [flux:120s@0.75]","","",""
658,endurance,33,60,70,1,"1x3600s @0.7-0.7","","",""
659,atomic,,,,2,"8x12s/48s @max_effort w:r=0.25","3x240s/120s @0.85-1 [continuous] [pace:increasing] w:r=2","",""
660,interval,33,36,95,1,"8x180s/60s @0.8-1.1 w:r=3","","",""
661,time_trial,34,10,0,1,"1x600s @max_effort","","",""
662,synthesis,34,42,80,4,"6x10s/50s @max_effort w:r=0.2","1x240s @0.75-0.9","4x10s/50s @max_effort w:r=0.2","1x360s @0.75-0.9"
663,polarized,34,56,70,1,"1x2340s [continuous_with_bursts] [burst:every_7_minutes/7s]","","",""
664,flux_stages,34,30,70,1,"1x1440s [progressive_flux_intensity] [flux:60s@0.75]","","",""
665,synthesis,34,43,80,4,"6x10s/50s @max_effort w:r=0.2","1x240s @0.76-0.91","4x10s/50s @max_effort w:r=0.2","1x480s @0.76-0.91"
666,synthesis,34,44,80,4,"6x10s/50s @max_effort w:r=0.2","1x240s @0.77-0.92","4x10s/50s @max_effort w:r=0.2","1x360s @0.77-0.92"
667,interval,34,32,85,1,"6x120s/60s @0.8-1.1 w:r=2","","",""
668,endurance,34,45,70,1,"1x2700s @0.7-0.7","","",""
669,synthesis,34,45,80,4,"6x10s/50s @max_effort w:r=0.2","1x240s @0.78-0.93","4x10s/50s @max_effort w:r=0.2","1x480s @0.78-0.93"
670,flux_stages,34,32,70,1,"1x1620s [progressive_flux_intensity] [flux:75s@0.75]","","",""
671,interval,34,34,85,1,"8x60s/120s @0.8-1.1 w:r=0.5","","",""
672,synthesis,34,46,80,4,"6x10s/50s @max_effort w:r=0.2","1x240s @0.79-0.94","4x10s/50s @max_effort w:r=0.2","1x360s @0.79-0.94"
673,polarized,34,58,70,1,"1x2700s [continuous_with_bursts] [burst:every_7_minutes/7s]","","",""
674,flux_stages,34,34,70,1,"1x1800s [progressive_flux_intensity] [flux:90s@0.75]","","",""
675,synthesis,34,47,80,4,"6x10s/50s @max_effort w:r=0.2","1x240s @0.8-0.95","4x10s/50s @max_effort w:r=0.2","1x480s @0.8-0.95"
676,synthesis,34,48,80,4,"6x10s/50s @max_effort w:r=0.2","1x240s @0.81-0.96","4x10s/50s @max_effort w:r=0.2","1x360s @0.81-0.96"
677,interval,34,36,85,1,"4x180s/60s @0.8-1.1 w:r=3","","",""
678,endurance,34,50,70,1,"1x3000s @0.7-0.7","","",""
679,synthesis,34,48,80,4,"6x10s/50s @max_effort w:r=0.2","1x240s @0.82-0.97","4x10s/50s @max_effort w:r=0.2","1x480s @0.82-0.97"
680,flux_stages,34,36,70,1,"1x1980s [progressive_flux_intensity] [flux:105s@0.75]","","",""
681,time_trial,35,10,0,1,"1x600s @max_effort","","",""
682,synthesis,35,48,80,4,"6x12s/48s @max_effort w:r=0.25","1x360s @0.83-0.98","4x12s/48s @max_effort w:r=0.25","1x480s @0.83-0.98"
683,polarized,35,60,70,1,"1x2160s [continuous_with_bursts] [burst:every_5_minutes/7s]","","",""
684,flux_stages,35,38,70,1,"1x1800s [progressive_flux_intensity] [flux:120s@0.75]","","",""
685,synthesis,35,48,80,4,"6x12s/48s @max_effort w:r=0.25","1x360s @0.84-0.99","4x12s/48s @max_effort w:r=0.25","1x480s @0.84-0.99"
686,synthesis,35,48,80,4,"6x12s/48s @max_effort w:r=0.25","1x360s @0.85-1","4x12s/48s @max_effort w:r=0.25","1x480s @0.85-1"
687,interval,35,38,85,1,"7x120s/60s @0.8-1.1 w:r=2","","",""
688,endurance,35,50,70,1,"1x3000s @0.7-0.7","","",""
689,synthesis,35,48,80,4,"6x12s/48s @max_effort w:r=0.25","1x360s @0.86-1.01","4x12s/48s @max_effort w:r=0.25","1x480s @0.86-1.01"
690,flux_stages,35,40,70,1,"1x1980s [progressive_flux_intensity] [flux:120s@0.75]","","",""
691,interval,35,40,85,1,"7x60s/120s @0.8-1.1 w:r=0.5","","",""
692,synthesis,35,48,80,4,"6x12s/48s @max_effort w:r=0.25","1x360s @0.87-1.02","4x12s/48s @max_effort w:r=0.25","1x480s @0.87-1.02"
693,polarized,35,60,70,1,"1x2880s [continuous_with_bursts] [burst:every_10_minutes/7s]","","",""
694,flux_stages,35,42,70,1,"1x2160s [progressive_flux_intensity] [flux:120s@0.75]","","",""
695,synthesis,35,48,80,4,"6x12s/48s @max_effort w:r=0.25","1x360s @0.88-1.03","4x12s/48s @max_effort w:r=0.25","1x480s @0.88-1.03"
696,synthesis,35,48,80,4,"6x12s/48s @max_effort w:r=0.25","1x360s @0.89-1.04","4x12s/48s @max_effort w:r=0.25","1x480s @0.89-1.04"
697,interval,35,42,85,1,"5x180s/60s @0.8-1.1 w:r=3","","",""
698,endurance,35,55,70,1,"1x3300s @0.7-0.7","","",""
699,synthesis,35,48,80,4,"6x12s/48s @max_effort w:r=0.25","1x360s @0.9-1.05","4x12s/48s @max_effort w:r=0.25","1x480s @0.9-1.05"
700,flux_stages,35,42,70,1,"1x2340s [progressive_flux_intensity] [flux:120s@0.75]","","",""
701,time_trial,36,10,0,1,"1x600s @max_effort","","",""
702,synthesis,36,48,80,4,"4x15s/45s @max_effort w:r=0.33","1x480s @0.91-1.06","4x15s/45s @max_effort w:r=0.33","1x480s @0.91-1.06"
703,polarized,36,60,70,1,"1x1980s [continuous_with_bursts] [burst:every_5_minutes/7s]","","",""
704,flux_stages,36,42,70,1,"1x2160s [progressive_flux_intensity] [flux:120s@0.75]","","",""
705,synthesis,36,48,80,4,"4x15s/45s @max_effort w:r=0.33","1x480s @0.92-1.07","4x15s/45s @max_effort w:r=0.33","1x480s @0.92-1.07"
706,synthesis,36,48,80,4,"4x15s/45s @max_effort w:r=0.33","1x480s @0.93-1.08","4x15s/45s @max_effort w:r=0.33","1x480s @0.93-1.08"
707,interval,36,42,85,1,"8x120s/60s @0.8-1.1 w:r=2","","",""
708,endurance,36,55,70,1,"1x3300s @0.7-0.7","","",""
709,synthesis,36,48,80,4,"4x15s/45s @max_effort w:r=0.33","1x480s @0.94-1.09","4x15s/45s @max_effort w:r=0.33","1x480s @0.94-1.09"
710,flux_stages,36,42,70,1,"1x2340s [progressive_flux_intensity] [flux:120s@0.75]","","",""
711,interval,36,42,85,1,"6x60s/120s @0.8-1.1 w:r=0.5","","",""
712,synthesis,36,48,80,4,"4x15s/45s @max_effort w:r=0.33","1x480s @0.95-1.1","4x15s/45s @max_effort w:r=0.33","1x480s @0.95-1.1"
713,polarized,36,60,70,1,"1x3060s [continuous_with_bursts] [burst:every_10_minutes/7s]","","",""
714,flux_stages,36,42,70,1,"1x2520s [progressive_flux_intensity] [flux:120s@0.75]","","",""
715,synthesis,36,48,80,4,"4x15s/45s @max_effort w:r=0.33","1x480s @0.96-1.11","4x15s/45s @max_effort w:r=0.33","1x480s @0.96-1.11"
716,synthesis,36,48,80,4,"4x15s/45s @max_effort w:r=0.33","1x480s @0.97-1.12","4x15s/45s @max_effort w:r=0.33","1x480s @0.97-1.12"
717,interval,36,42,85,1,"6x180s/60s @0.8-1.1 w:r=3","","",""
718,endurance,36,60,70,1,"1x3600s @0.7-0.7","","",""
719,synthesis,36,48,80,4,"6x15s/45s @max_effort w:r=0.33","1x480s @0.98-1.13","4x15s/45s @max_effort w:r=0.33","1x480s @0.98-1.13"
720,flux_stages,36,42,70,1,"1x2700s [progressive_flux_intensity] [flux:120s@0.75]","","",""